country,t=0,t=1,t=2,t=3,t=4,t=5,t=6,t=7,t=8,t=9,t=10,t=11,t=12,t=13,t=14,t=15,t=16,t=17,t=18,t=19,t=20,t=21,t=22,t=23,t=24,t=25,t=26,t=27,t=28,t=29,t=30
Afghanistan,0.0,0.0,0.0,0.0,0.0,0.0,0.0,0.0,0.0,0.0,0.0,0.0,0.0,1.545251867169336e-05,8.816553605538905e-05,0.00036441413364939664,0.0012778359280158408,0.003855684595591159,0.010034167646551913,0.022349765237310484,0.04199733081107522,0.06537309330310474,0.08248705559125667,0.08232109866272813,0.06320545426146162,0.0361951767804564,0.014919764346116055,0.004247005702022745,0.0007954320249306167,9.262850147554312e-05,1.0
Albania,0.0,0.0,0.0,0.0,0.0,0.0,0.0,0.0,0.0,0.0,0.0,0.0,0.0,0.0,0.00012435731849698428,0.0005300262859841709,0.0016940518817334614,0.004304679423394775,0.008975904453209943,0.015431416057025252,0.021856221474846553,0.025205162292973295,0.023238587060045997,0.016811465580435253,0.009273360740915585,0.003814636543038728,0.0011312354194112828,0.00022273097861947097,2.8762168023265017e-05,2.3007876168628746e-06,0.0
Algeria,0.0,0.0,0.0,0.0,0.0,0.0,0.0,0.0,0.0,0.0,1.1433324652997882e-05,7.120148874862482e-05,0.0003095847050034417,0.00110087387784269,0.003435031913022325,0.009509437634625402,0.02336958071944976,0.05063467982902381,0.0956234483132311,0.15509567643155406,0.21250056730661374,0.2415085651514886,0.2228503261738513,0.16275858931958515,0.09139588515307147,0.038189425491056854,0.011438591663667924,0.002351235174999604,0.0003151870690300145,2.6052846972601473e-05,3.0
Angola,0.0,0.0,0.0,0.0,0.0,0.0,0.0,0.0,0.0,0.0,0.0,1.916528202473623e-05,0.00013109355946299838,0.0006283336669292475,0.0024764985181238027,0.008479669574361026,0.02560832675988028,0.06817249876835661,0.15854050813639767,0.317651358564988,0.5389706939329656,0.7585515672437292,0.8641611277161613,0.774907818070782,0.5302416837453297,0.2675697024237822,0.09586043959889912,0.023348094955235307,0.0036761268340698935,0.00035325885717131533,3.0
Antigua and Barbuda,0.0,0.0,0.0,0.0,0.0,0.0,0.0,0.0,0.0,0.0,0.0,0.004220591422827358,0.02223567795214498,0.07312885621144898,0.20414945303344476,0.4893351566238299,1.0193278222054218,1.8388991912184762,2.8163556852303793,3.5583068476782134,3.5924389215802073,2.821580633809449,1.6839542877548777,0.7420569337116547,0.2341225547159392,0.05051980559535798,0.007187030666816718,0.0006424021783579411,3.417547712960134e-05,1.0193528695837907e-06,3.0
Argentina,0.0,0.0,0.0,0.0,0.0,0.0,0.0,0.0,0.0,9.786656981149959e-06,4.928605707074096e-05,0.00020975745723317898,0.0007282100815366272,0.0022445259090939445,0.006187204844596807,0.015293862947140174,0.033724522682348795,0.06568579184629218,0.11143349620405765,0.1618990705710561,0.19796623802929833,0.20030164585513363,0.16448295533301277,0.10698350067527118,0.053546972326442455,0.01995503287587178,0.005331841138378802,0.0009787580665099446,0.00011692342802926868,8.6065975826927e-06,3.0
Armenia,0.0,0.0,0.0,0.0,0.0,0.0,0.0,0.0,0.0,0.0,0.0,0.0001488318732825988,0.0008967912607080292,0.0037419432317733234,0.012498373616771852,0.03594832038815204,0.0904291453978972,0.19865263405324704,0.3777474278226613,0.6131982849016296,0.8360921449886335,0.9400833558790213,0.8521010609876699,0.6057890177069419,0.3274388053191971,0.13002433776242783,0.036480075168305176,0.006914683794038957,0.0008424592056381483,6.226411150152419e-05,3.0
Australia,0.0,0.0,0.0,0.0,0.0,0.0,0.0,0.0,0.0,0.0,0.0,1.4253464071346076e-05,7.308445627974983e-05,0.0002590101742099782,0.0007582562222987633,0.0019390238754588354,0.004383064681342129,0.008707246002725853,0.015060872100714206,0.02239596734851054,0.028157810526608606,0.029337893205705536,0.024763696170935382,0.016491244179206912,0.008397472155820351,0.0031536619975788024,0.0008404347026275847,0.00015035689707975245,1.9362732917355246e-05,1.1797558682670023e-06,0.0
Austria,0.0,0.0,0.0,0.0,0.0,0.0,0.0,0.0,4.481240647034842e-05,0.00020872268846455948,0.0007127333016008527,0.002262065989537592,0.006508052992091523,0.017156950983883836,0.04132024170973211,0.09031576520414547,0.17728985337915862,0.30837561020113463,0.466716912047646,0.6012310023558167,0.6450650646687259,0.5669198939693069,0.4017805319844628,0.22471098322006786,0.09643882603980529,0.030735988689333162,0.006999808624627049,0.001091637883521845,0.00011435103879998055,6.500572345103505e-06,3.0
Azerbaijan,0.0,0.0,0.0,0.0,0.0,0.0,0.0,0.0,0.0,4.7970856901150734e-05,0.00025661555952485415,0.0010149018597468966,0.003604118189986548,0.011556061594338536,0.0335574883396884,0.08808022925782769,0.20734934775619332,0.4330792145750661,0.7910394892705922,1.2413076736858406,1.639348149507379,1.7798650610656113,1.5458503385341251,1.0411096739641132,0.5256056904305536,0.19179012325231803,0.048593513350271074,0.008176614010476674,0.0008642726311661773,5.42768406987157e-05,3.0
Bahamas,0.0,0.0,0.0,0.0,0.0,0.0,0.0,0.0,0.0,0.0,0.0,0.0,0.0,0.0,0.0,0.0,0.0,0.0,0.0006788255425296654,0.0015776690893620788,0.0024603298550844818,0.002978592442667141,0.0028969147114155766,0.002297967853367801,0.0011556315224045821,0.00043443333002123036,0.00011759666354968311,2.194770147445346e-05,2.6861289175512103e-06,2.0361099686695254e-07,0.0
Bahrain,0.0,0.0,0.0,0.0,0.0,0.0,0.0,0.0,0.0,0.0003040359808055729,0.0014223357639702853,0.005425429479374847,0.017267346489160368,0.04882225679936905,0.12418427124075491,0.2839334503745383,0.5782909957534391,1.0366743454426475,1.6057195320529833,2.098622791763048,2.257215006322145,1.954831705976049,1.3351085249772885,0.7011277222390511,0.2741449108929299,0.07675913220928236,0.014790095218340819,0.0018563189946768995,0.0001379792755771631,5.991046331654038e-06,3.0
Bangladesh,0.0,0.0,0.0,0.0,0.0,0.0,0.0,0.0,0.0,0.0,0.0,0.0,3.0116902786716992e-06,1.6594936180790547e-05,7.193631879488151e-05,0.0002577651413071855,0.0007924965583460091,0.0021201078213256438,0.004910923271478938,0.00973967023210962,0.016289579516845874,0.02255383608394524,0.025302972475908812,0.022450011514104255,0.015329185778245425,0.0078096696521647415,0.002864673625534524,0.0007254467533835112,0.000120701421131177,1.2478608255350733e-05,1.0
Belarus,0.0,0.0,0.0,0.0,0.0,0.0,0.0,0.0,0.0,0.0,0.0,4.2077527239312895e-05,0.00020147357680080235,0.0007358502290508485,0.0022490891364097573,0.0059921749721773675,0.013993623090030107,0.02855599594035036,0.05041064329949056,0.07588779732127475,0.09588768682160322,0.10015695902408776,0.08491001411294229,0.057048291443765636,0.029519565264955607,0.011388210816394672,0.0031546159163190883,0.0005988012401937302,7.436796105540475e-05,5.707048146458333e-06,0.0
Belgium,0.0,0.0,0.0,0.0,0.0,0.0,0.0,0.0,3.3992660057924946e-05,0.00015736928960026662,0.0005338969788300907,0.0016854213608490218,0.004824103135443842,0.012655937753850875,0.03028532292025756,0.06579301479568132,0.128447372360823,0.222282291714333,0.33485410623103373,0.42956642323143585,0.4594776251865672,0.4036331464739026,0.2873261352552138,0.1625432955348717,0.07115854843254933,0.02334752117360537,0.0055166759165476125,0.0009015207424761355,9.547847587403584e-05,5.565492586876937e-06,3.0
Benin,0.0,0.0,0.0,0.0,0.0,0.0,0.0,0.0,0.0,0.0,0.0,0.0,0.0,4.844339793130278e-05,0.00022746259313368233,0.0009135020419575879,0.003064702505476186,0.008946950564282826,0.022598324906033855,0.04897011301866639,0.08979212743900844,0.1367260816291125,0.16907373027462783,0.16546274542510298,0.12455293094982338,0.06986693183619096,0.02816896035226173,0.00783113465447539,0.0014295706482411758,0.00016190844367190246,1.0
Bhutan,0.0,0.0,0.0,0.0,0.0,0.0,0.0,0.0,0.0,0.0,0.0,0.0,0.0,0.0,0.0,0.0,0.0,0.0,0.0,0.0,0.0,0.0,0.0,0.0,0.0,0.0,0.0,0.0,0.0,0.0,0.0
Bolivia,0.0,0.0,0.0,0.0,0.0,0.0,0.0,0.0,0.0,0.0,0.0,0.0,0.0,0.0,0.0,0.0,3.2594969154042934e-05,0.0001031640495822901,0.0002868463843100897,0.000592981650588501,0.0010029513138409298,0.001364922729101584,0.0014645721796912035,0.0012359144208243568,0.0007957384404450915,0.00037522589210286996,0.00012311815049292058,2.7895303612338707e-05,4.153193166392004e-06,3.838290126355644e-07,0.0
Bosnia and Herzegovina,0.0,0.0,0.0,0.0,0.0,0.0,0.0,0.0,0.0,0.0,0.0,0.0,0.0,0.0,0.0,0.0,0.0,0.0,0.0,0.0,0.0,0.0,0.0,0.0,0.0,0.0,0.0,0.0,0.0,0.0,0.0
Botswana,0.0,0.0,0.0,0.0,0.0,0.0,0.0,0.0,0.0,0.0,0.0,0.0,0.0,0.0,0.0,0.0,0.0,0.0,0.0001308920595817895,0.0003370869875249887,0.0006929790624992215,0.0010127001680273991,0.0012343633613671192,0.0010989710776354298,0.0007186444271652695,0.0003798567642562769,0.00012099613380163852,2.660613576675424e-05,3.8429085616484e-06,3.443903573163638e-07,0.0
Brazil,0.0,0.0,0.0,0.0,0.0,0.0,0.0,0.0,0.0,2.2482872624092993e-06,1.6511136660254244e-05,7.567649619245611e-05,0.00028982507197042285,0.0009717815893574979,0.0029168616618816426,0.007860236097982684,0.018932732827741064,0.040385201454921006,0.07531664161539514,0.12091343805412655,0.16425451490621062,0.18530077540036002,0.16987339786956784,0.1233715459691459,0.06895713502284583,0.028709819587268797,0.008576810125422947,0.0017606413916399556,0.00023604418708497718,1.953677543047731e-05,1.0
Brunei,0.0,0.0,0.0,0.0,0.0,0.0,0.0,0.0,0.0,0.0,0.0,0.0,0.0,0.000838331977062044,0.0034306126921339517,0.01068490253645299,0.02738365730676755,0.05894502749245047,0.10837833339709822,0.16790737289971114,0.21680802834016955,0.22886272444239764,0.19326981915731456,0.1275078555933313,0.06396888955085575,0.023541835172563384,0.006213453825714082,0.0010203070531813981,0.00010923537066147654,7.2000159903841145e-06,3.0
Bulgaria,0.0,0.0,0.0,0.0,0.0,0.0,0.0,0.0,0.0,6.0246093168212185e-05,0.0003092464138390745,0.0011683352888890457,0.003970482366848073,0.012174654865502683,0.03371445927732792,0.08426444374681474,0.1886375267683588,0.37405072645592746,0.6473481353905849,0.9603257413385211,1.197124539130923,1.2274248270231307,1.0100440274608191,0.6482382121701079,0.31429416930295717,0.11114682505704594,0.0275607840328036,0.004591092053067735,0.0004855795312660621,3.0870099904634425e-05,3.0
Burkina Faso,0.0,0.0,0.0,0.0,0.0,0.0,0.0,0.0,0.0,0.0,0.0,0.0,0.0,3.072087322846247e-05,0.0001851015786219338,0.0007864256524317461,0.0028729066303137666,0.009140733557971405,0.02527415958960465,0.06014059539942327,0.121243170279124,0.20297439920276855,0.27568033433607453,0.2959420613343697,0.2439756026881739,0.14962547652645355,0.06585571355557422,0.019959091403737708,0.003967757062849684,0.0004888843924945968,3.0
Cambodia,0.0,0.0,0.0,0.0,0.0,0.0,0.0,0.0,0.0,0.0,0.0,0.0,0.0,0.0,2.928615674414398e-05,0.0001774197094128177,0.0006768894193766969,0.0020738255967026604,0.005338518197831362,0.011554883419378683,0.020822437583354916,0.030815983955991826,0.03674419019854845,0.03450464905900052,0.024849265336048136,0.01331490804624564,0.005128074215822452,0.001360191196164534,0.00023737956224461604,2.575441732091029e-05,0.0
Cameroon,0.0,0.0,0.0,0.0,0.0,0.0,0.0,0.0,0.0,0.0,0.0,0.0,2.2721951011662146e-05,0.00013057639918953901,0.0005284139567886681,0.0018737471350348887,0.005839493678034755,0.016012579059777182,0.038350079466041284,0.07914948113029038,0.1384579254492248,0.20128555411797255,0.23765777133059585,0.22204043582307242,0.15947516077418206,0.08527402325253955,0.032738375404391326,0.00865051877065701,0.0014978988527574707,0.00016056670207923718,3.0
Canada,0.0,0.0,0.0,0.0,0.0,0.0,0.0,1.0792418463184564e-05,5.05258310272338e-05,0.00018445227599861463,0.0006062995516358231,0.0018114482045907027,0.005009559916172524,0.012770437649232993,0.029874778786408554,0.06363487776057038,0.12208040038441577,0.2078991654689982,0.3084076511526645,0.389501877706021,0.4095623452005928,0.35289011918363483,0.24576177296953478,0.13562997587760026,0.057751769323770366,0.018374774010938136,0.004206058879195142,0.0006622883699640552,6.848380212651289e-05,3.9546366409974306e-06,3.0
Cape Verde,0.0,0.0,0.0,0.0,0.0,0.0,0.0,0.0,0.0,0.0,0.0,0.000909502020026465,0.004094573731410693,0.016118913125800594,0.05542236984055546,0.1690747861129027,0.45743449893606003,1.0911800472026405,2.2653476021306953,4.015931664162404,5.9219153243196185,7.013730387944649,6.383213077788624,4.243657391702118,1.9550493060216056,0.5923741462092935,0.11205728206304602,0.012556041752019834,0.0007870206214760005,2.593814265931836e-05,3.0
Chad,0.0,0.0,0.0,0.0,0.0,0.0,0.0,0.0,0.0,0.0,0.0,0.0,0.0,4.040355389679288e-05,0.0002088358188675542,0.0009185640161405631,0.003409336620806815,0.01103051673887708,0.03105409006439437,0.07533770331055467,0.1548305893041482,0.2642283865120763,0.365690241216422,0.39977351678614176,0.3352999140918581,0.20894015678832276,0.09330900417054686,0.028647425391011814,0.005759324265256898,0.0007163869488945455,3.0
Chile,0.0,0.0,0.0,0.0,0.0,0.0,0.0,0.0,0.0,0.0,2.276287887214097e-05,0.00013162581944871403,0.0005289113319694145,0.0017430364958336824,0.004958290175175839,0.012454089969152113,0.02764357961213729,0.05381161422074894,0.09068806547692862,0.13014711039684534,0.15641732877338452,0.15511132316032675,0.12474961896365645,0.07950994721899057,0.039036563385061916,0.014285445435099449,0.0037502027281618934,0.0006749453150535963,7.932689030287117e-05,5.749577414597204e-06,0.0
China,0.0,0.0,0.0,0.0,0.0,0.0,3.620764470183281e-07,2.1356259326614493e-06,1.023958757843703e-05,4.351547410995709e-05,0.00016989117596124097,0.0006149139331175793,0.002069923800869894,0.0064632649507214285,0.01861213723808559,0.04902225195119306,0.11685228874275244,0.24885010095556462,0.466303880710936,0.7552931372945213,1.0361768951896861,1.1763807225283358,1.0764270318033136,0.7707573155828453,0.4181403302406984,0.16592230930568644,0.046311426167313485,0.0086966068014726,0.0010439594145039326,7.562457826046479e-05,3.0
Colombia,0.0,0.0,0.0,0.0,0.0,0.0,0.0,0.0,0.0,9.769460292282177e-06,4.4093651377147044e-05,0.00018561955966395522,0.0006822875207644939,0.0022462985331720415,0.006699068774493211,0.01807150590414712,0.04377917156536728,0.09426063119814468,0.17790732434292228,0.28961525633994245,0.3993263626046355,0.45704654325060656,0.4242591244508387,0.31099745211093943,0.17472882474727797,0.07277604176767703,0.02163697927808624,0.0043959753428802085,0.0005804231630597516,4.70225798753898e-05,3.0
Congo,0.0,0.0,0.0,0.0,0.0,0.0,0.0,0.0,0.0,0.0,0.0,7.863283228405145e-06,5.1020772001324205e-05,0.00024786064151255426,0.0010515599321878587,0.003975205582393619,0.013474254586778938,0.04063895185830133,0.10769158601288523,0.24676317420046145,0.4797395539887433,0.7741366217343384,1.0111192392647128,1.0391115708559813,0.8142701746473895,0.4700453681673681,0.19237912597910292,0.05345544733702343,0.00959211043002899,0.001049240819931029,3.0
Costa Rica,0.0,0.0,0.0,0.0,0.0,0.0,0.0,0.0,0.0,0.0,0.0,0.0,0.0,0.0,0.0,0.0,0.0,6.050104057388591e-05,0.00021657194305750455,0.0004798462884807698,0.0008026533978070783,0.0010296463872314795,0.0010525246376518263,0.0008344541329389086,0.0005098224478015857,0.00023278096410487103,6.75382651918002e-05,1.3516227260719098e-05,1.7747629614434433e-06,1.4441440117368004e-07,0.0
Cote d'Ivoire,0.0,0.0,0.0,0.0,0.0,0.0,0.0,0.0,0.0,0.0,0.0,0.0,2.3810081046663637e-05,0.00014374302115439247,0.000659844465585053,0.0025164424043199727,0.008432462036284265,0.024798959338411464,0.06368829287374242,0.14099074979429257,0.26452308030893074,0.41212982705833756,0.5206942656836009,0.5193304647132592,0.3969344647168512,0.22497778992243284,0.0911387632932385,0.025292189502387985,0.004577113361398254,0.0005101655313942617,3.0
Croatia,0.0,0.0,0.0,0.0,0.0,0.0,0.0,0.0,0.0,0.0,9.429864898030122e-05,0.0005471305906167915,0.0021190646292640314,0.006905672828261047,0.0195802716937997,0.04923790214569185,0.10951761447534089,0.21387638783335505,0.36183778477782746,0.5213995062370695,0.628530553114344,0.623163170957676,0.49829819472679043,0.3134044495908471,0.15048355791662055,0.05333145513056756,0.013435546527200961,0.0022906472931807404,0.00025221611713068876,1.692989112573942e-05,3.0
Cuba,0.0,0.0,0.0,0.0,0.0,0.0,0.0,0.0,0.0,0.0,0.0,0.0,3.528956944871531e-05,0.00016881107976779363,0.0006114136762796933,0.0018078227645466202,0.004561052669522847,0.00993900006160902,0.01864599834438791,0.029725252238585877,0.039744058307918974,0.04394467161395321,0.039484565353291624,0.028150489328567854,0.015480118415236497,0.006359657582463628,0.0018768480593207928,0.00038176898111332757,5.091291362053768e-05,4.204421170928447e-06,0.0
Cyprus,0.0,0.0,0.0,0.0,0.0,0.0,0.0,0.0,0.0,0.0,0.0,0.0003121202053816957,0.0017054539547752044,0.0064310433722529255,0.01943284026035871,0.0499668390132328,0.11155079151309115,0.21622366399005782,0.35925262031719124,0.5036430241323302,0.5856510833453318,0.5567295118796152,0.4259600685644379,0.2562653133127921,0.11783139613968127,0.039992578040440895,0.00966862732262031,0.0015574638086738228,0.00016214778108668854,1.0299671777384641e-05,3.0
Czech Republic,0.0,0.0,0.0,0.0,0.0,0.0,0.0,0.0,0.0,3.639888119837465e-05,0.00016940566629582263,0.0006094180510356138,0.001955328367045408,0.005547834964497817,0.014131483148528178,0.03235620475627511,0.0660906805450422,0.11909396579731456,0.1862599838354089,0.24783467832270287,0.27512905627710876,0.25088144325507195,0.18495591898932737,0.10782876894505539,0.048319315699661296,0.01609873773558697,0.0038379109968218134,0.0006221984373763039,6.450396559908278e-05,4.107573375960864e-06,3.0
Denmark,0.0,0.0,0.0,0.0,0.0,0.0,0.0,0.0,0.0,6.316458220607112e-05,0.00033866159398720515,0.001325339489982201,0.004249344754161326,0.011912563786248909,0.029722999696872497,0.06620043459456611,0.1310738867260307,0.22806109879215147,0.3425569258487278,0.4339365373525435,0.45344458551701444,0.38584463173779815,0.26496411131662195,0.1443673726800549,0.06081710407970494,0.01918953111241633,0.004363981410925053,0.0006903951200297677,6.27970843839052e-05,3.490548302863725e-06,3.0
Dominican Republic,0.0,0.0,0.0,0.0,0.0,0.0,0.0,0.0,0.0,0.0,0.0,0.0,4.1019406015446187e-05,0.0002445358847612633,0.0009284164232914425,0.0028871205342584985,0.007700430490116865,0.017800433587142027,0.03546776722818489,0.060327398576090804,0.08636721716852636,0.10247149074959871,0.09879101033448894,0.07550141534186647,0.04446134632514858,0.019536628933782954,0.006168693656971175,0.0013417193081012627,0.00019125314848924822,1.687463479221883e-05,0.0
Ecuador,0.0,0.0,0.0,0.0,0.0,0.0,0.0,0.0,0.0,0.0,0.0,0.0,0.0,0.0,0.0,0.0,2.0568245086743476e-05,8.111461585514253e-05,0.00020243852107334188,0.0004046952913606809,0.0006544900038658812,0.0008506045367974692,0.0008840808603171122,0.0007157139929896973,0.00043647169662066915,0.00019471690950626606,5.987988592091608e-05,1.2708150344667735e-05,1.7707742346182699e-06,1.5302113435920842e-07,0.0
Egypt,0.0,0.0,0.0,0.0,0.0,0.0,0.0,0.0,0.0,5.343862661283259e-06,4.082444568252816e-05,0.0002016094466807901,0.00082052709336795,0.0029266434641326868,0.009364538679757122,0.02695245478667932,0.06948219718752714,0.15895699298839783,0.318558627909961,0.5503733488630072,0.8046336768476894,0.9742820424515416,0.9528862096036633,0.7315473549706364,0.4271037567568304,0.1831590374134561,0.05550721297815872,0.011376452182145462,0.001498969159082455,0.00011972798623542575,3.0
El Salvador,0.0,0.0,0.0,0.0,0.0,0.0,0.0,0.0,0.0,0.0,0.0,0.0,0.0,0.0,0.0,0.0,5.591447916741115e-05,0.00023252160951422313,0.0006166252110308877,0.0013073782249442987,0.0022433230165563936,0.003064246032094926,0.0033549754659606837,0.0028657127907655853,0.0018719083253610034,0.0009002312030552716,0.00030443503554508324,7.110717026456007e-05,1.0917513936121315e-05,1.0408937117069896e-06,0.0
Estonia,0.0,0.0,0.0,0.0,0.0,0.0,0.0,0.0,0.0,0.0,0.0002953040014455631,0.00107683366633479,0.0038311502097192044,0.011504104431304656,0.030305840815059847,0.071474026446491,0.14955032453074432,0.27527176686796984,0.4384175423968164,0.5927902330357556,0.6670472636885713,0.6145394730720851,0.45569628990344835,0.2656261584657441,0.11822557197043994,0.038840028063544356,0.009030088981360993,0.0014103698790711133,0.0001420307318408273,8.705457323171488e-06,3.0
Ethiopia,0.0,0.0,0.0,0.0,0.0,0.0,0.0,0.0,0.0,6.385588953073167e-06,5.0620122198733344e-05,0.00029028825838889186,0.0014265529919195354,0.006334057720281884,0.025668911152102156,0.09474773581226488,0.3160683944546192,0.941460217671907,2.4639720770591,5.545561577988005,10.41082823305338,15.581230628594898,17.41926277183656,13.382158473218283,6.422707360770612,1.7339922861348172,0.23853039391692069,0.015481306448578605,0.00044431519838248067,5.257995379848555e-06,3.0
Fiji,0.0,0.0,0.0,0.0,0.0,0.0,0.0,0.0,0.0,0.0,0.0,0.0,0.0,0.0,0.0004227726820008866,0.0014537984510676605,0.004415746429869029,0.010719715664927937,0.0221463125497132,0.03809094978453481,0.05440060909421295,0.06350250974418284,0.059593539800570236,0.04396128071053582,0.024879400250257352,0.010453989329178402,0.003115083963749612,0.0006397776842625069,8.615616941007602e-05,7.185297844019829e-06,0.0
Finland,0.0,0.0,0.0,0.0,0.0,0.0,0.0,0.0,0.0,6.689419301122086e-05,0.0003632288934939392,0.0014378907592908687,0.004664628147945648,0.013227066735994527,0.03326112336557607,0.07466878081341508,0.14896274076247668,0.2611555909973204,0.3953912529160385,0.505370119818538,0.5336049277860032,0.45930508025463657,0.3189027820508983,0.17540713367899904,0.07443808798232146,0.0235856315240011,0.005371132308965398,0.0008467031984839832,7.809110320631073e-05,4.393719631838106e-06,3.0
France,1.5576323987538942e-06,6.645759017359537e-06,2.1624037958364894e-05,6.93565389383387e-05,0.00021877637918799942,0.000676898425596894,0.002047972760384405,0.006037573185552481,0.017272619369546122,0.04773151804968089,0.12668950139067217,0.32091105924150554,0.7697506991508787,1.7313240944062251,3.6037952314397197,6.811568034070787,11.356644980370898,15.973389200249105,17.762463860687724,14.365268281613998,7.7054808089766205,2.502804984042876,0.46398863316780664,0.05696115277166389,0.010450859096929489,0.0032542124605011665,0.0008348935539327564,0.00014951557431199745,1.6835014133424158e-05,1.6690010870392291e-06,3.0
Gabon,0.0,0.0,0.0,0.0,0.0,0.0,0.0,0.0,0.0,0.0,0.0,0.0,0.0,0.00022032044137838353,0.0010679398598297319,0.0036889288580115656,0.010407524732144107,0.02496506861082279,0.05128540025485735,0.08957086936369667,0.1313699394331542,0.1594820304833923,0.1573498695899851,0.12302438103106236,0.07403318189593097,0.03317391270284677,0.010654791017169601,0.0023549665157787223,0.0003407789484429475,3.0492657457807775e-05,0.0
Georgia,0.0,0.0,0.0,0.0,0.0,0.0,0.0,0.0,0.0,0.0,0.00010933198725024718,0.0006660074426873165,0.0028277253383400904,0.009983455139319353,0.030585863424084456,0.0826924894879525,0.1978441739705484,0.4159642759301967,0.7594109346843823,1.1842909634130072,1.5479651564822114,1.6600456612872145,1.424046352037126,0.9482681340470787,0.47414396556177574,0.17172232185985747,0.04328818036048657,0.007257009812226157,0.0007654671760324955,4.810022284993931e-05,3.0
Germany,0.0,0.0,0.0,0.0,0.0,0.0,0.0,4.625575666868837e-06,3.036122779134005e-05,0.0001306867679405465,0.0004671952419350515,0.001478605414049109,0.004245482477065072,0.011122011817771475,0.026575440791247542,0.05760952513960584,0.11226720478285879,0.1940795507015609,0.29235359690289536,0.3755568564650329,0.40338661966942324,0.3580762197649329,0.26018708669507223,0.15184780515457127,0.06889142004982693,0.023275398049520828,0.0055992395323509955,0.0009172434569594652,9.76357518220437e-05,6.781010904026294e-06,3.0
Ghana,0.0,0.0,0.0,0.0,0.0,0.0,0.0,0.0,0.0,0.0,0.0,0.0,0.0,0.0,1.6212728050543755e-05,6.63052217449324e-05,0.0002323452842953073,0.0006619876827483708,0.0016081369680588542,0.0033139044350252245,0.0057296420048611255,0.008175928000920079,0.009447966881216827,0.00861972964296081,0.006044197419203225,0.0031536881651360706,0.0011828282165481981,0.0003053882342494148,5.188603850801771e-05,5.48111129915701e-06,0.0
Greece,0.0,0.0,0.0,0.0,0.0,0.0,0.0,0.0,0.0,3.504962080416857e-05,0.0001675336981436933,0.0006510966251032113,0.00217735103516275,0.006403621232779862,0.016863816213842527,0.03980804879346107,0.0836975841434861,0.1551521711123425,0.24967484014227892,0.3423789444304095,0.39257605746014423,0.37024549445317717,0.2821571311526922,0.16970840607133408,0.07825774674434348,0.026757257827945625,0.006522326639010418,0.0010897330286008743,0.00011602958042312477,7.570390929784153e-06,3.0
Guatemala,0.0,0.0,0.0,0.0,0.0,0.0,0.0,0.0,0.0,0.0,0.0,0.0,0.0,0.0,0.0,0.0,0.0,2.0953967530851146e-05,6.367299827249227e-05,0.00015207022879436453,0.0002853694658247956,0.00041491327028722445,0.000478815235820869,0.00043741276235125556,0.00029491404297214105,0.00015243163902295393,5.353657518116765e-05,1.2991340904738461e-05,2.073302226154759e-06,2.055807165356875e-07,0.0
Guyana,0.0,0.0,0.0,0.0,0.0,0.0,0.0,0.0,0.0,0.0,0.0,0.0,0.0,0.0,0.0,0.0,0.0,0.0,0.0,0.0,0.0,0.0,0.0,0.0,0.0,0.0,0.0,0.0,0.0,0.0,0.0
Honduras,0.0,0.0,0.0,0.0,0.0,0.0,0.0,0.0,0.0,0.0,0.0,0.0,0.0,0.0,0.0,0.0,0.0,0.0,3.5801894229078316e-05,0.00010178987878908684,0.00019697677941740946,0.00032231968583553734,0.0003834017013924311,0.0003603916316017145,0.00026451298528499997,0.0001352757801665292,4.9867746422075064e-05,1.2706416425141011e-05,2.130601474704554e-06,2.2212747559953912e-07,0.0
Hong Kong,0.0,0.0,0.0,0.0,0.0,0.0,0.0,5.189183910648966e-05,0.00022547101185162486,0.0008170146374178485,0.0026273573641471893,0.007649221769379979,0.02048125635266811,0.05055548505088667,0.11459658729804019,0.23674299649682773,0.4408223276921017,0.7281089413212937,1.0432157820066303,1.2606903093397475,1.2532663407447937,1.0161616528837476,0.6736363733292181,0.36217714092395026,0.15283812674052394,0.048000393726218935,0.010655645434030225,0.001608416921626052,0.00015728378692946235,6.6406404385973115e-06,3.0
Hungary,0.0,0.0,0.0,0.0,0.0,0.0,0.0,0.0,4.3374731746225755e-05,0.00021715523520011068,0.0008837238741754218,0.003150236091046154,0.010042483238806146,0.028928709264067876,0.07550800019611338,0.177885289151356,0.37515200422663864,0.699533854835396,1.1342532190085959,1.5666249366788836,1.8022499448368587,1.6884489093224295,1.2568366113764093,0.7220761220931728,0.30993531391507323,0.0959109423741765,0.020572383562615485,0.002923574099920923,0.0002567056094051724,1.334043983053947e-05,3.0
Iceland,0.0,0.0,0.0,0.0,0.0,0.0,0.0,0.0,0.0,0.0,0.0,0.0,0.001086655989537191,0.004366809574070891,0.013507405938205297,0.03469622915486986,0.07467015371562667,0.13744221880726495,0.2131711709962468,0.2738305913683293,0.2852330913998503,0.2386814224110252,0.15961132871120223,0.08410211797626138,0.03411671050283859,0.01015169557869017,0.0021598914998845254,0.0003142969764618105,2.9728333408862334e-05,1.7258833930904132e-06,3.0
India,0.0,0.0,0.0,0.0,0.0,0.0,0.0,0.0,4.254958954609215e-07,3.1000838210308924e-06,1.581222002660049e-05,7.102801422089016e-05,0.0002882587242500468,0.0010711243645827983,0.00364601446732279,0.011313875690459477,0.031727127518480364,0.07945939769056254,0.17518131115762028,0.334290980020156,0.541555750995399,0.7285328053981635,0.7936943030032796,0.6808928294776241,0.4459737996888357,0.21556627553100405,0.074027087875316,0.017293122572892696,0.0026133669128908165,0.00024117423367900928,3.0
Indonesia,0.0,0.0,0.0,0.0,0.0,0.0,0.0,0.0,0.0,0.0,0.0,1.8168888916722868e-06,9.79507016040144e-06,4.1920771295757926e-05,0.0001540038388415863,0.0004910981250707069,0.0013713270519138798,0.003352183728340322,0.007116827677593331,0.01295315188527395,0.01988728037575611,0.025270314106866417,0.026004048342289074,0.021147682239829067,0.013222680922951306,0.0061606913681218406,0.002063362169150566,0.00047646076901966154,7.199482545022868e-05,6.750229662953579e-06,0.0
Iraq,0.0,0.0,0.0,0.0,0.0,0.0,0.0,0.0,0.0,0.0,0.0,0.0,0.0,0.0,1.1362742743429378e-05,4.237912455626735e-05,0.00013734268370369548,0.00036766756892077715,0.0008148281345057135,0.0015213119363353368,0.002371038626158582,0.0030303481811750025,0.00311890891211747,0.0025333607522930804,0.0015796103421514627,0.0007340059219750686,0.00024446498018926993,5.622613313688443e-05,8.498526209996686e-06,7.97445620654746e-07,0.0
Iran,0.0,0.0,0.0,0.0,0.0,0.0,0.0,0.0,5.6816582288171164e-06,3.0068133225091133e-05,0.0001287679052322774,0.00047762716887250734,0.0015914956559775677,0.004815649140104378,0.013247342924263333,0.033004874669474715,0.07385490354466803,0.14673769290364916,0.25512622876747965,0.381590492272052,0.48194128799129854,0.5039528228828098,0.42660598742240097,0.2847481094279852,0.1454472803619738,0.05497973287540662,0.014805908343428941,0.002717720027403238,0.000323717947853022,2.3496918083176827e-05,3.0
Ireland,0.0,0.0,0.0,0.0,0.0,0.0,0.0,0.0,0.0,7.744214682301277e-05,0.00041832283592243836,0.0015030239166168968,0.004644860650686769,0.012783119220570327,0.03146191321829834,0.06949320639880117,0.13677693307645566,0.23703094770882815,0.3550251653585766,0.44896000398134017,0.46856075776974254,0.39769387685821245,0.27137862290606096,0.14615047707858805,0.06043680907128481,0.018558994075605805,0.004077112577769939,0.0006038826668785496,5.563249742039732e-05,3.1309960039847577e-06,3.0
Israel,0.0,0.0,0.0,0.0,0.0,0.0,0.0,0.0,0.0,4.7640614888523e-05,0.00021848330191983413,0.0007750653973346991,0.00245631591725101,0.006882547022701128,0.017353265383490756,0.0392713072713204,0.07930603882316074,0.1412478756165868,0.21823810530199542,0.28660316378639245,0.31363412097640264,0.2820244850459764,0.20557157265038445,0.11898370408456345,0.05317022356465595,0.017740482233450528,0.004248232647973236,0.0006988500948338456,7.020606186600686e-05,4.327112261871675e-06,3.0
Italy,0.0,0.0,0.0,0.0,0.0,0.0,0.0,0.0,6.730608108343906e-06,4.574992828474481e-05,0.0002038358016841748,0.0007328374265659868,0.002320640926407842,0.006602721163450702,0.016949992620450393,0.03920081270383598,0.08106761100099032,0.14818875822119998,0.23571693456035334,0.3201833448087573,0.36451547721069993,0.3423480547409971,0.2608541524188645,0.1576073340216667,0.07326215399714724,0.02526576301125491,0.0062121777337479575,0.001043903535402051,0.00011321133474098784,7.288640537952248e-06,3.0
Jamaica,0.0,0.0,0.0,0.0,0.0,0.0,0.0,0.0,0.0,0.0,0.0,0.0,0.0,0.0,0.0,0.0,0.0,0.0,0.0,9.481740892091118e-05,0.00021746226871006096,0.0003290919751071816,0.00037981944060002754,0.00028527267561723684,0.00016539648867943635,7.168291953208341e-05,2.238236450131138e-05,4.823699679399641e-06,6.826776399527646e-07,5.993035702375404e-08,0.0
Japan,0.0,0.0,0.0,0.0,0.0,0.0,0.0,0.0,2.997031746458169e-06,1.4109319358802708e-05,5.722763938985876e-05,0.000194079815922504,0.0005892004188337245,0.0016181056305919219,0.004020915747382959,0.009020398343277468,0.018115876058952804,0.03218133422713161,0.04973497651057517,0.06554880697955695,0.07226734557464354,0.0656896962861683,0.048525122873713245,0.02851965851338936,0.01296435688846066,0.004407091462439467,0.0010779900721252522,0.00018130299502648037,1.980569499559822e-05,1.2790121149324114e-06,0.0
Jordan,0.0,0.0,0.0,0.0,0.0,0.0,0.0,0.0,0.0,0.0,0.0,4.992322154032666e-05,0.0003052551185815403,0.0012938072262713755,0.004442379458092192,0.013090996518043132,0.03371850404508687,0.07589719575670903,0.14799886141649546,0.24685812359173936,0.34684017294964187,0.4033707512039451,0.38012387114562773,0.2829056623403107,0.16145565278215956,0.06836525972185402,0.020681619361494066,0.004276035029082932,0.0005753916036709393,4.757945438036312e-05,3.0
Kazakhstan,0.0,0.0,0.0,0.0,0.0,0.0,0.0,0.0,0.0,0.0,0.0,2.32533884575117e-05,0.000134542656824552,0.0005591631443724833,0.0019266872626143728,0.005653683946191661,0.01443186213416,0.03201140338284656,0.06131887789978693,0.10023892613997214,0.13763726314681163,0.1557260049821012,0.14203140516025234,0.10185470358249084,0.0558220174195271,0.02263801605017483,0.006544324663669998,0.0012914669279511812,0.0001677857361323537,1.2962773303730943e-05,0.0
Kenya,0.0,0.0,0.0,0.0,0.0,0.0,0.0,0.0,0.0,1.1957463198744964e-05,7.503678824980944e-05,0.0003664350718162046,0.001576007225107252,0.006121665447644333,0.02165841881735391,0.06965146567380584,0.20207567340212634,0.5228975661816553,1.188980300072754,2.331475708621377,3.8500493551397383,5.19423273684245,5.513103721192298,4.404733526014136,2.525206020337796,0.9887375124657927,0.25149964398231733,0.03946081269949349,0.0036097412401951265,0.00018103022671104457,3.0
Kuwait,0.0,0.0,0.0,0.0,0.0,0.0,0.0,0.0,0.0,0.0,0.0,0.0,0.00010187482287775107,0.0005633103959208259,0.0020440167454811083,0.006064199067427996,0.015462586857662428,0.03408419408712546,0.06460390458145633,0.10427259861704116,0.1412680713530289,0.15779170128394174,0.14243491288184051,0.10128706960336176,0.054921484459529046,0.02186701361606935,0.006168606519760519,0.0011827565467305236,0.00014447716713136108,1.08932963147106e-05,0.0
Kyrgyzstan,0.0,0.0,0.0,0.0,0.0,0.0,0.0,0.0,0.0,0.0,0.0,0.0,0.0,0.0,6.910574852961516e-05,0.00032564974841939076,0.0010812684182296838,0.0028912933064287015,0.00651856867765046,0.012345348641699526,0.019554396223629783,0.02546361230871913,0.026721895628215125,0.02211353328439714,0.014055556486544269,0.006658372008090613,0.002269393749795185,0.0005289253992627497,8.099188505346254e-05,7.696970323985002e-06,0.0
Laos,0.0,0.0,0.0,0.0,0.0,0.0,0.0,0.0,0.0,0.0,0.0,0.0,0.0,0.0,6.589010390244517e-05,0.00032819667967326596,0.001271080154862377,0.0039056015208271014,0.009888032753928097,0.02091946361759072,0.03674589201250608,0.05282946270172671,0.06100596828494208,0.055332388387380395,0.03840670415187328,0.019807471883104312,0.007334689749749276,0.001860353299073705,0.0003101499980757947,3.2109246627490484e-05,0.0
Latvia,0.0,0.0,0.0,0.0,0.0,0.0,0.0,0.0,0.0,0.0,0.0001989640222788366,0.0009453722386969001,0.0034494706608324288,0.010605538727235467,0.02899457164361985,0.07069473230065597,0.15313762597884142,0.2918060207673787,0.4820639464782416,0.6778670676312752,0.7960067154528878,0.7671731400670776,0.595027989547627,0.3621004019553915,0.1677583117165683,0.05716308193168632,0.013779460446261424,0.0022289293145830325,0.00023186540852697594,1.464038461525675e-05,3.0
Lebanon,0.0,0.0,0.0,0.0,0.0,0.0,0.0,0.0,0.0,0.0,7.882308526650034e-05,0.0004849096752109196,0.002007973021890483,0.007009752958824527,0.02137692190908461,0.05796414442425266,0.1396008955418103,0.2963978085917382,0.5479300111443529,0.8678407585966788,1.1561867956344734,1.2691658158305106,1.1201550610211515,0.7722332809757892,0.40253995936222203,0.1530875759214084,0.040845147219554984,0.007316102342511507,0.0008333056158334496,5.710022539268818e-05,3.0
Libya,0.0,0.0,0.0,0.0,0.0,0.0,0.0,0.0,0.0,0.0,0.0,0.0,0.0,6.632809694460059e-05,0.0003818052847451302,0.0014385111840899798,0.004285164486863718,0.010717141592266112,0.022807908772195604,0.04102277752843162,0.06165414812060378,0.0761792996354778,0.07589639366418142,0.05961089167270857,0.035943067121679495,0.016114371818233712,0.005188811097509912,0.0011429083343608075,0.00016511741293588628,1.4778582304335096e-05,0.0
Lithuania,0.0,0.0,0.0,0.0,0.0,0.0,0.0,0.0,0.0,0.0,0.00013030387440615088,0.0006129065504307244,0.0022147823519612507,0.006740636607900954,0.018135629382404147,0.04360304599655718,0.09320953014877353,0.17527269998905695,0.28577287827705583,0.3967032810877118,0.46021950538925205,0.4390619852250826,0.33836144965212567,0.2056776429542211,0.09575266497627509,0.03299941289496839,0.008122184419405409,0.0013500204181761887,0.00014543486055136563,9.586820556384023e-06,3.0
Luxembourg,0.0,0.0,0.0,0.0,0.0,0.0,0.0,0.0,0.0,0.0,0.0006119395593479716,0.0026834095266096147,0.008512706937110438,0.02349878718654526,0.05816928547504452,0.12911390100847409,0.25520492357585317,0.4442509494170338,0.6670940766959383,0.8444377459655977,0.879355600696466,0.7416947670365432,0.49999639322847833,0.26408123834713443,0.10626777116041775,0.03140192690250809,0.006611363255331778,0.0009116094406492399,8.054696821200833e-05,4.304361826334619e-06,3.0
Madagascar,0.0,0.0,0.0,0.0,0.0,0.0,0.0,0.0,0.0,0.0,0.0,2.3221929455360885e-05,0.00012148041303837277,0.0005509974843776641,0.0021971008965088333,0.007811309600287425,0.024864296290707744,0.07029964091507347,0.1744448393632848,0.3740420370387614,0.6800993235946193,1.025714693008429,1.2506432104372072,1.197402106599316,0.871617956988266,0.4656360357057887,0.17557118886343137,0.04471424856184567,0.007312393685260019,0.0007245977844188456,3.0
Malawi,0.0,0.0,0.0,0.0,0.0,0.0,0.0,0.0,0.0,0.0,0.0,0.0,0.0,0.0,0.0,0.0,0.0,0.0,0.0,0.0,0.0,0.0,0.0,0.0,0.0,0.0,0.0,0.0,0.0,0.0,0.0
Malaysia,0.0,0.0,0.0,0.0,0.0,0.0,0.0,1.5020123769052368e-05,7.956119349908442e-05,0.0003567933026782948,0.001383066088374688,0.004814102282145471,0.01525653411461006,0.044247113025660596,0.11719747504338829,0.28172217433257324,0.6086591986698028,1.166251660030289,1.9475243507066098,2.772775474987264,3.2802068057349225,3.1332011958703863,2.3401991958072004,1.3195249204864283,0.5413994397877492,0.1556192657673581,0.030096519176186158,0.003745639997474246,0.0002856079596203055,1.1965502598214815e-05,3.0
Malta,0.0,0.0,0.0,0.0,0.0,0.0,0.0,0.0,0.0,0.0,0.0,0.0,0.0008915392943155432,0.004696517785555165,0.015359496187896069,0.040817167666405335,0.09231718962434053,0.1801284501241193,0.2995472950986627,0.41831510259551824,0.4829626620398686,0.45485156831504625,0.34474817924665374,0.20568015874805207,0.09380775399936864,0.03153227116029678,0.00747651263195597,0.0012083679199531992,0.00012652272138223631,8.102558830418231e-06,3.0
Marshall Islands,0.0,0.0,0.0,0.0,0.0,0.0,0.0,0.0,0.0,0.0,0.0,0.0,0.0,0.0,0.0,0.0,0.0,0.0,0.0,0.0,0.0,0.0,0.0,0.0,0.0,0.0,0.0,0.0,0.0,0.0,0.0
Mauritania,0.0,0.0,0.0,0.0,0.0,0.0,0.0,0.0,0.0,0.0,0.0,0.0,0.00012864978265452067,0.000637761080547673,0.0027230292434748545,0.010094669440271115,0.032669911669061955,0.09311491148850298,0.23165959352935342,0.49661024759425004,0.9012242668451523,1.3547261033925702,1.643226947825163,1.5604394968099666,1.121760753867095,0.5884655939384195,0.21642703392447907,0.05335872243079029,0.00837874890391037,0.0007903986039906829,3.0
Mauritius,0.0,0.0,0.0,0.0,0.0,0.0,0.0,0.0,0.0,0.0,0.0,0.0,0.00030422837467590356,0.0011437755705502733,0.003812036504002152,0.010980452291919735,0.027175248411541265,0.0583119612015657,0.10782145189797022,0.16932885103139636,0.22288733184181234,0.24220236944624152,0.21319623373444815,0.14851187409469932,0.07945085928789647,0.031570595188535826,0.009026905041956473,0.0017528641240094108,0.0002221078989972375,1.734193854954828e-05,3.0
Mexico,0.0,0.0,0.0,0.0,0.0,0.0,0.0,0.0,3.7608091632781562e-06,2.43487761120085e-05,0.00010797491246399489,0.0004134936004184924,0.0014279693967351186,0.0044887006916576695,0.0128515644687025,0.033383083450570616,0.07801984000921133,0.16219154234346012,0.29563862799434276,0.4645923504398036,0.6177077092752918,0.680561728233379,0.6066891952033149,0.4257757559773006,0.2281584114799649,0.0902407801768737,0.025354578318754484,0.0048428704062789376,0.0005980659022672676,4.498680727723759e-05,3.0
Moldova,0.0,0.0,0.0,0.0,0.0,0.0,0.0,0.0,0.0,0.0,0.0,0.00012788194140201092,0.0007992252778888774,0.003235244181717136,0.011096530369284109,0.03327268826914619,0.08766821986147186,0.20260873948648167,0.4070676562277664,0.7009851373415992,1.017006852796017,1.2182055933788178,1.1754024636438978,0.8874301132945632,0.5076253328247279,0.21238300661220805,0.06250022073453915,0.012369180025976898,0.0015650686849457602,0.00011945498163379995,3.0
Mongolia,0.0,0.0,0.0,0.0,0.0,0.0,0.0,0.0,0.0,0.0,0.0,0.0,0.0,0.0,0.0,0.00012016132380652649,0.0005043540576771152,0.00136659917803476,0.00309764755238779,0.005839916964355735,0.009007028632176782,0.011263984730677903,0.011295254720338517,0.008852353493512903,0.005301979119127865,0.002352069382214437,0.0007643466253377714,0.00016197007844324465,2.2530577528356545e-05,1.943244429689596e-06,0.0
Montenegro,0.0,0.0,0.0,0.0,0.0,0.0,0.0,0.0,0.0,0.0,0.0,0.0006379027603172003,0.002394107987462434,0.008037191616198125,0.02352077323307162,0.06025694858144863,0.1361262517752384,0.2697121403040471,0.4620853566666843,0.6731208839607213,0.8191784081510519,0.8185746870400589,0.6583623548021335,0.41532204576791104,0.19936351605728903,0.07041861076374054,0.017544298999789903,0.0029577178515574707,0.0003206028524164115,2.1088875482379757e-05,3.0
Morocco,0.0,0.0,0.0,0.0,0.0,0.0,0.0,0.0,0.0,1.5058637672763121e-05,0.00010409084166623795,0.0004964964397061944,0.002041490093876079,0.00751445480202114,0.024996876032896166,0.0752189338237679,0.20350162054713178,0.48988702303305265,1.0344842157957634,1.8820149674277624,2.8845335936268093,3.622927269029745,3.606050876438656,2.737646030940037,1.5214245185006054,0.5930675241591935,0.15508241279363752,0.02592247373270291,0.002623521538756908,0.00015140443646218438,3.0
Mozambique,0.0,0.0,0.0,0.0,0.0,0.0,0.0,0.0,0.0,0.0,0.0,0.0,0.0,0.0,0.0,0.0,0.0,1.4607452660315556e-05,7.912035551769502e-05,0.0002561648197221425,0.0006352851572320742,0.0012163350760981775,0.001810511815049953,0.0020721062297227974,0.0017692689668761504,0.001102326806826199,0.0004901923996119483,0.0001493581873899158,3.001588261308097e-05,3.7607976132531936e-06,0.0
Namibia,0.0,0.0,0.0,0.0,0.0,0.0,0.0,0.0,0.0,0.0,0.0,0.0,0.0,0.0,0.0,0.0,0.00015196944885815578,0.0005027807728592243,0.0013154057548422978,0.0028686725996409247,0.00498547267132736,0.007116241577541833,0.008091682985553402,0.007146526409694885,0.004815249269795532,0.002384808736901572,0.0008303068553432217,0.000199697797091036,3.158067544920611e-05,3.102287734429181e-06,0.0
Nepal,0.0,0.0,0.0,0.0,0.0,0.0,0.0,0.0,0.0,0.0,0.0,0.0,0.0,0.0,1.5702641179485187e-05,8.000033422112897e-05,0.0003025623334910095,0.0009075465855456758,0.0022865688909878288,0.004834288091298085,0.008544559145682485,0.012430574176129208,0.014595518080445957,0.01352123123562573,0.00962489887342953,0.005106263034115961,0.0019511550976433107,0.000514130708212936,8.916493960099288e-05,9.61662564635316e-06,0.0
Netherlands,0.0,0.0,0.0,0.0,0.0,0.0,0.0,0.0,2.2009680445610334e-05,0.00012142388591755667,0.0004483001668930219,0.0014689173720171186,0.004299718029677248,0.011431903655733478,0.02763595412364802,0.06041900515342413,0.11846897953684508,0.20563752199582824,0.3104054732923563,0.3985891149929226,0.42646770955331614,0.3750478445383036,0.2679010563373968,0.15243096363374592,0.06717227954957074,0.02215123672041418,0.005246505810845719,0.0008507817445284136,9.166277866634125e-05,5.211828436852883e-06,3.0
New Zealand,0.0,0.0,0.0,0.0,0.0,0.0,0.0,0.0,0.0,0.0,0.0,0.0,0.0,6.926003256205979e-05,0.00027414371578889725,0.0008928200208560056,0.0023582113096368854,0.005125762518862171,0.009500729727113997,0.014860755367611457,0.019379054008928885,0.020713224265947523,0.017742529441962814,0.011897792196821418,0.006054002806523598,0.002259319377043647,0.0005951779957894407,0.00011817612367892986,1.2219234790205838e-05,7.805593973467143e-07,0.0
Nicaragua,0.0,0.0,0.0,0.0,0.0,0.0,0.0,0.0,0.0,0.0,0.0,0.0,0.0,0.0,0.0,0.0,0.0,0.0,0.0,4.562728354302934e-05,0.00011191885811198506,0.00018157315493769023,0.00022401931569052128,0.000187574685848909,0.00012116569242308265,5.8496011067372107e-05,2.0353466966184243e-05,4.892751494243969e-06,7.734531684687366e-07,7.595939201585588e-08,0.0
Niger,0.0,0.0,0.0,0.0,0.0,0.0,0.0,0.0,0.0,0.0,0.0,0.0,0.0,0.0,0.0,0.0,2.4176285366250304e-05,0.00010235544666894678,0.0003395101844543345,0.0008962002368777814,0.0019445770825946096,0.0034919126448736994,0.005069553119639255,0.00582326319400131,0.005147202621079087,0.0033952707659347147,0.0016144910591890473,0.0005315651357118005,0.00011554092339040663,1.567618562189069e-05,0.0
Nigeria,0.0,0.0,0.0,0.0,0.0,0.0,0.0,0.0,0.0,0.0,3.1902765347793613e-06,2.3389980937627898e-05,0.00012490699130196186,0.0005498409969096977,0.0021443649783381203,0.0074955046800181295,0.023477131782552802,0.0653844546657028,0.15991238650889475,0.338046193457043,0.6061363510911676,0.901807754150205,1.0854022728219945,1.0269456904938372,0.7399561098303535,0.39215287743736305,0.14708076122585362,0.03737099679018231,0.006116762305590836,0.0006086988376379766,3.0
Norway,0.0,0.0,0.0,0.0,0.0,0.0,0.0,0.0,0.0,6.860916927558137e-05,0.0004270423717847365,0.0015341397768432047,0.004738181976817322,0.012822900193911068,0.030976125142506913,0.06700480110055358,0.12918197307131568,0.21906039381835907,0.32034060402788345,0.3934862657074721,0.3960758543465717,0.3229751731788743,0.21250159252420486,0.11138006700672805,0.045375857638323754,0.01389742962334652,0.00307280224574123,0.0004586055847179801,4.018415733575407e-05,2.1536101677660152e-06,3.0
Oman,0.0,0.0,0.0,0.0,0.0,0.0,0.0,0.0,0.0,0.0,0.00010258542827022738,0.0006976142526777435,0.0027998920898893625,0.00933137698163066,0.026980522859122398,0.06898101982824585,0.15576892797955516,0.30863407761452316,0.5297453326851399,0.7745154348001191,0.9471633495769854,0.9514607157803661,0.7688524925466361,0.4867194171138885,0.23385166499802076,0.08226452177161353,0.020379287537863246,0.003404344353490405,0.0003615321720204701,2.322456578060892e-05,3.0
Pakistan,0.0,0.0,0.0,0.0,0.0,0.0,0.0,0.0,0.0,0.0,0.0,2.8339505140197348e-06,1.693667965018809e-05,8.009311948830458e-05,0.00032084435391343294,0.00113034419768574,0.0035265671101144943,0.009695594188093003,0.023269057934709104,0.048080733322479544,0.08408416958593772,0.12199496285298587,0.14356379329539376,0.13361951035788747,0.09563767598840987,0.051010273748274944,0.019558839561595688,0.005170417042906886,0.0008970368910448871,9.653318610499111e-05,1.0
Panama,0.0,0.0,0.0,0.0,0.0,0.0,0.0,0.0,0.0,0.0,0.0,0.0001059240593935193,0.0005196380877636459,0.0019432524825828213,0.006088758532226734,0.01664413055091273,0.03984666652631874,0.0834180641056606,0.1511627361671159,0.2337723461763384,0.30371756631297403,0.3261438816547642,0.28389436423513115,0.19539513545593223,0.10327774027752819,0.040563229527658014,0.011388718095437508,0.0021900020419169993,0.0002742568306694497,2.1119886313166423e-05,3.0
Paraguay,0.0,0.0,0.0,0.0,0.0,0.0,0.0,0.0,0.0,0.0,0.0,0.0,0.0,0.0,0.0,0.0,0.0,0.0,0.0,3.9738371829766885e-05,9.376198716404984e-05,0.00014608703418550318,0.00017332119990479393,0.00016182455629360756,9.827115380798727e-05,4.4607171482839635e-05,1.4590190920725292e-05,3.295202720224711e-06,4.890124912278633e-07,4.504365686455841e-08,0.0
Peru,0.0,0.0,0.0,0.0,0.0,0.0,0.0,0.0,0.0,0.0,1.443815221453609e-05,7.607580236081587e-05,0.0003208758494535397,0.00113255109779737,0.003521454878732714,0.009716124820583684,0.023809605801536748,0.051474216579796686,0.09702710057307895,0.15709880559412728,0.2149015522370922,0.2439187746860222,0.2248498469432509,0.16410395923540158,0.09210602490811011,0.03847288144335543,0.011520610314574804,0.0023675130761630653,0.00031767064461987537,2.6281768521939834e-05,3.0
Philippines,0.0,0.0,0.0,0.0,0.0,0.0,0.0,0.0,0.0,0.0,4.724773031123806e-06,3.0501230800515972e-05,0.0001466333705674601,0.0005857897839317822,0.0020249293864455214,0.006174877887578067,0.016639280650695865,0.039407212347418334,0.08121732369656942,0.14366371917940685,0.21442346959165953,0.2647171779116099,0.264276975681438,0.20800681337845797,0.12545489312016547,0.056151062817674076,0.017979159637843616,0.00394666476383875,0.0005657911485510989,4.9843455679828937e-05,3.0
Poland,0.0,0.0,0.0,0.0,0.0,0.0,0.0,1.122644229956272e-05,5.7449287759742594e-05,0.00022889963427381323,0.0008166247293935193,0.0026670552690718306,0.00800096099630885,0.022089267420442836,0.05587765654061935,0.12855843394864067,0.2662667106235683,0.4898742761067033,0.7873016629561523,1.0835215720059226,1.2498184276792126,1.1824606961083544,0.8961579379474451,0.5291639779409737,0.23592790220146861,0.07670976825884003,0.017490053904044022,0.00267460939677435,0.0002617025641751478,1.5036430025528342e-05,3.0
Portugal,0.0,0.0,0.0,0.0,0.0,0.0,0.0,0.0,0.0,0.0,3.78465066513592e-05,0.00018123935993546067,0.0006313159037520851,0.001975937768538934,0.005447985916652899,0.01339931145248853,0.029307333636489966,0.056465048217220266,0.09450813341984028,0.13510441753043953,0.16214022280722704,0.16074184926452514,0.129245510364626,0.08230561882737494,0.04034350210277152,0.014718502895702404,0.0038511798271902826,0.000696517120150244,8.098049694931876e-05,5.804702396419968e-06,0.0
Romania,0.0,0.0,0.0,0.0,0.0,0.0,0.0,0.0,2.215821851117157e-05,0.00011616594162204842,0.00047226419269446554,0.0016891325181175188,0.005475153964262032,0.016192866677451494,0.04370459381047075,0.1069717814668634,0.23533498942377803,0.45967931723009714,0.7848992291282267,1.1498624837695985,1.415381222644645,1.4310886412693165,1.158415753149095,0.7288774048285436,0.34506330537978946,0.11862802280864464,0.028466801055975863,0.004558978363606509,0.0004615154106140523,2.792736087621005e-05,3.0
Russia,0.0,0.0,0.0,0.0,0.0,0.0,0.0,3.1366317201342357e-06,1.68044681645418e-05,7.610495096148502e-05,0.00029517206108246446,0.0010288563486832859,0.003283148120836199,0.009610721738218796,0.025737199224178893,0.06265365383423174,0.137332115458413,0.2677093596473427,0.4570873825733179,0.6714330021074608,0.8320161344177711,0.8516319319827856,0.7031070641741074,0.45547361827951094,0.22445672710970035,0.08130033589177689,0.020820316836719525,0.0036060778958281717,0.0004013329011175293,2.688945201719643e-05,3.0
Rwanda,0.0,0.0,0.0,0.0,0.0,0.0,0.0,0.0,0.0,0.0,0.0,0.0,0.0,0.0,4.1041413928890874e-05,0.0002168989084285098,0.0008154679540548304,0.002497122849377485,0.0064854996269972,0.014309087536699301,0.02651057192225698,0.040574280890780356,0.05024180100803632,0.049133419717495116,0.03690527844039272,0.020644345693782453,0.008304343000595201,0.002305214830440515,0.00042116537854939673,4.785609876936308e-05,0.0
Samoa,0.0,0.0,0.0,0.0,0.0,0.0,0.0,0.0,0.0,0.0,0.0,0.0,0.0,0.0,0.0,0.0,0.0,0.0,0.0,0.0,0.0,0.0,0.0,0.0,0.0,0.0,0.0,0.0,0.0,0.0,0.0
Saudi Arabia,0.0,0.0,0.0,0.0,0.0,0.0,0.0,0.0,1.3441030081069775e-05,7.979100578946515e-05,0.0003326523410213295,0.001189319375629274,0.003763946988660477,0.010778128317971111,0.02797892554401191,0.06558208360377386,0.13771112708004157,0.2559778418619251,0.41470982284836866,0.5747962491865164,0.6685990691260659,0.6410668674899523,0.49680801135104175,0.3035039692227711,0.14171817757830574,0.04879422539346361,0.01190790870291568,0.0019737934164352072,0.00021212076585527153,1.3422147310263183e-05,3.0
Senegal,0.0,0.0,0.0,0.0,0.0,0.0,0.0,0.0,0.0,0.0,0.0,0.0,0.0,3.457296571594293e-05,0.00019636938959147448,0.0007771308500526577,0.0026357427437773296,0.007755883600948471,0.01979125650701792,0.0433662130972035,0.08040950045806688,0.12379854207032684,0.15475376334617566,0.15310545109100368,0.11651242709876573,0.06609034015810047,0.02695381336499717,0.007582466746463488,0.0014012458119057698,0.0001607335018959641,1.0
Serbia,0.0,0.0,0.0,0.0,0.0,0.0,0.0,0.0,0.0,0.0,5.966260064453145e-05,0.00035840055270361875,0.00144405117413746,0.004847469035856888,0.014263385803020973,0.03739820545407501,0.0870292705098464,0.17835920715884412,0.31796198520320496,0.48515895198040493,0.6226064445122989,0.6595364002914404,0.5642748700073908,0.3797498878607908,0.19505387881949843,0.07392925071887115,0.01989144598707539,0.0036320727571917304,0.0004285083111707315,3.0834029877376137e-05,3.0
Seychelles,0.0,0.0,0.0,0.0,0.0,0.0,0.0,0.0,0.0,0.0,0.0,0.0,0.0,0.0,0.0,0.0,0.0,0.002885321587406722,0.007599491921903975,0.013741306601569213,0.021830791754942413,0.02708423624400923,0.026949422231187917,0.02009671278208678,0.012090896628284628,0.004788922345831075,0.0013654357349990928,0.00026838749053577674,3.459107710220663e-05,2.7610292031917717e-06,0.0
Sierra Leone,0.0,0.0,0.0,0.0,0.0,0.0,0.0,0.0,0.0,0.0,0.0,0.0,0.0,0.0,0.0,0.0,0.0,0.0,0.0,0.0,4.0877087114119095e-05,0.00010443393172843675,0.0001735131431208335,0.00021429571118851667,0.0001776839958034704,0.00010999799555439094,4.9094790895457064e-05,1.5167422495095579e-05,3.091273770738688e-06,3.928984184055766e-07,0.0
Singapore,0.0,0.0,0.0,0.0,0.0,0.0,0.0,0.0,0.0,6.667372566196397e-05,0.0004216775172312011,0.0016087127035653852,0.005060079885282901,0.013970981484878901,0.034552286666846246,0.07651770738995614,0.15102910926437266,0.2626150180303449,0.3951916631869663,0.5031023911061653,0.5303955549182471,0.4574099490985554,0.31972164122732677,0.17795243957662144,0.07670833054011082,0.02474535234775751,0.005728785913624081,0.0009162860389964392,0.00010170643640504787,5.556908684302538e-06,3.0
Slovakia,0.0,0.0,0.0,0.0,0.0,0.0,0.0,0.0,0.0,0.0,0.0,0.0,0.0,0.0,0.0,0.0,5.307313516375331e-05,0.00014169873355370988,0.00026364328929266847,0.0003945800965287039,0.0004885257503197824,0.00046603120299882125,0.000362799345549647,0.00022459836346788923,0.0001074115916017054,3.83990424249073e-05,9.880981969282108e-06,1.7518714274757495e-06,2.0349741691195565e-07,1.4626744181783731e-08,0.0
Slovenia,0.0,0.0,0.0,0.0,0.0,0.0,0.0,0.0,0.0,0.0,0.0001768959682647598,0.0009646735683397484,0.003486570662283018,0.01045266936901663,0.02739396233452675,0.0638280903476334,0.13140914517308844,0.2371241864351943,0.3688141395232185,0.48433619177620324,0.5259833222494156,0.4655403262425143,0.3312975303641929,0.18563018618146523,0.07956224090443634,0.025249756959962427,0.005689650692723056,0.000863943803298932,8.483449765235027e-05,5.085689544842147e-06,3.0
Solomon Islands,0.0,0.0,0.0,0.0,0.0,0.0,0.0,0.0,0.0,0.0,0.0,0.0,0.0,0.0,0.0,0.0,0.0,0.0,0.0,0.0,0.0,0.0,0.0,0.0,0.0,0.0,0.0,0.0,0.0,0.0,0.0
South Africa,0.0,0.0,0.0,0.0,0.0,0.0,0.0,0.0,9.227658531352856e-06,5.386245533651766e-05,0.0002621136274607674,0.0010855415068463266,0.004037167640418545,0.013673614115672441,0.042219654121553964,0.11839065780991984,0.29906663722507515,0.6726084776809473,1.3264653367936623,2.250539820840918,3.208533093187548,3.7345468235282704,3.428958221266526,2.389540213934513,1.2132291574203908,0.4302750339719402,0.10200047868760191,0.015407316591339364,0.0014048318757369934,7.270427575209858e-05,3.0
South Korea,0.0,0.0,0.0,0.0,0.0,0.0,0.0,7.748614735740313e-06,4.436246379190201e-05,0.0001860672404050841,0.0006682890811940442,0.002144318279919765,0.0062385423755198935,0.016551611167766475,0.040020431322595834,0.08768648143115207,0.17246458452698152,0.30045124191565864,0.45535957420769296,0.5874527958459034,0.6314913737887695,0.5566859613376789,0.3964913044129764,0.22335048298656987,0.09673397987158758,0.03113610155357629,0.007160247328291243,0.0011251038447631086,0.00011542831690562649,6.553880633544959e-06,3.0
Spain,0.0,0.0,0.0,0.0,0.0,0.0,0.0,0.0,8.551453032475678e-06,4.1301867250437625e-05,0.00015473638038937746,0.0005103679002297232,0.0015258473413569899,0.004159233849424483,0.010340505712458899,0.023314085825706713,0.04722183903052594,0.08482425730942894,0.1329375888885539,0.17829914799019253,0.20075711985258674,0.18665924993517385,0.14085295244965004,0.08431255755721179,0.0389112836646705,0.013393828164164217,0.003309536952976691,0.0005622522475965939,6.243271436695842e-05,4.109390430659721e-06,3.0
Sri Lanka,0.0,0.0,0.0,0.0,0.0,0.0,0.0,0.0,0.0,0.0,2.128191254552388e-05,8.980097306232462e-05,0.0003556484051781064,0.0011995615773300124,0.003591765452049169,0.00961007692296355,0.022927645338138385,0.0483948114749012,0.08919872207796041,0.14134592912212485,0.18931708421528992,0.2103892697310795,0.18985423223034173,0.13563500904852785,0.07452088168639176,0.030478116556969116,0.00893978582046458,0.001797432275738747,0.00023606535957555104,1.9124800864579537e-05,3.0
Sudan,0.0,0.0,0.0,0.0,0.0,0.0,0.0,0.0,0.0,0.0,0.0,0.0,0.0,0.0,1.2589120244951338e-05,5.587373750613956e-05,0.00021059859934671776,0.0006509423160429424,0.0017204294141484305,0.003868729035255565,0.0073082840982541435,0.011417219003135786,0.014445175621519982,0.014445678697538235,0.011103895466307485,0.006363060568047159,0.002626886616639811,0.0007490493324951281,0.00014072123579279635,1.6460493098645088e-05,0.0
Suriname,0.0,0.0,0.0,0.0,0.0,0.0,0.0,0.0,0.0,0.0,0.0,0.0,0.0,0.0,0.0,0.0,0.0,0.0,0.0,0.0,0.0,0.0,0.0,0.0,0.0,0.0,0.0,0.0,0.0,0.0,0.0
Sweden,0.0,0.0,0.0,0.0,0.0,0.0,0.0,0.0,3.8020848487304084e-05,0.00017056731969976432,0.0005955972671825574,0.0018033334539895645,0.005048758031245121,0.012905885646196017,0.03014789910196604,0.0639796701824574,0.12206210584976011,0.206320931565886,0.3028998771159058,0.3769504997329189,0.38841557859483444,0.32665418775768296,0.22189727006194349,0.11965488038156068,0.049911739585574315,0.015591801287302032,0.00350801357800785,0.0005397885296588146,6.027667017140835e-05,3.3674337905157513e-06,3.0
Switzerland,0.0,0.0,0.0,0.0,0.0,0.0,0.0,0.0,4.4293830050350005e-05,0.00019654989068427153,0.0006794116996977647,0.0021178903556747777,0.005946886541394717,0.015270633958938446,0.035760699445562615,0.07604186415364839,0.14533428010710356,0.2461192559518678,0.3621786771908357,0.45205337893985176,0.46790141120041034,0.3966094934354109,0.27312821244268337,0.15043807470537376,0.06457892385494225,0.020877392970342475,0.004880955283525041,0.0007877247816289094,8.257693315733674e-05,4.459386175273301e-06,3.0
Tajikistan,0.0,0.0,0.0,0.0,0.0,0.0,0.0,0.0,0.0,0.0,0.0,0.0,0.0,0.0,0.0,0.0,0.0,0.0,0.0,3.270258296981898e-05,8.06278486011228e-05,0.00013151587636617358,0.0001631255450165233,0.00013769389741198927,8.966247908444831e-05,4.363579805858455e-05,1.5305488581077455e-05,3.7091369759645445e-06,5.911433063385554e-07,5.853438865551309e-08,0.0
Tanzania,0.0,0.0,0.0,0.0,0.0,0.0,0.0,0.0,0.0,0.0,0.0,0.0,0.0,9.343445641761788e-06,4.295548127010453e-05,0.00016916767738737757,0.0005705324450342331,0.0016542802608993151,0.004145924902563681,0.008897185093822977,0.016115550722034914,0.024178388925500695,0.029407714795682223,0.028283978826681835,0.02091939478432872,0.011532692195402768,0.004576378940264348,0.0012538952406723261,0.00022616873052249415,2.5376885830814773e-05,0.0
Thailand,0.0,0.0,0.0,0.0,0.0,0.0,0.0,0.0,0.0,6.851882473429993e-06,4.42911592423583e-05,0.00019521332265667188,0.0007386200621552998,0.0024907961363298983,0.007570289437596716,0.02073167759827236,0.05087667044401864,0.11078726571887422,0.21124659060520043,0.3471214327862454,0.4827329312398197,0.5567454324243768,0.5201614165055632,0.38319266172408883,0.21593584551381506,0.0899944874810579,0.02670612000541218,0.005403399878780322,0.0007092350711995336,5.6864620310471605e-05,3.0
Togo,0.0,0.0,0.0,0.0,0.0,0.0,0.0,0.0,0.0,0.0,0.0,7.691677419970357e-05,0.00048128220601766596,0.002243543116216943,0.009175733409234103,0.03328415740550242,0.10782909042755646,0.3098931125646408,0.7809010274340547,1.6969750285040086,3.1126415258965388,4.687245300278725,5.594151762044865,5.071232984875371,3.3294298834369207,1.5053979576291567,0.44513806410102574,0.08161377527223858,0.008765913888660552,0.0005183059880290702,3.0
Trinidad and Tobago,0.0,0.0,0.0,0.0,0.0,0.0,0.0,0.0,0.0,0.0,0.0,0.0,0.0,0.0,0.0002629169487928201,0.001103642851395308,0.0032498306499378496,0.007859170052610625,0.01589292867454289,0.02667256949669414,0.03708351752723645,0.04182491889042565,0.03772204044930392,0.026653027676996507,0.014400908122649995,0.005748898205863875,0.001685397065627444,0.00032243290573432705,4.043399239099971e-05,3.139155281868054e-06,0.0
Tunisia,0.0,0.0,0.0,0.0,0.0,0.0,0.0,0.0,0.0,0.0,4.134386826459928e-05,0.00026166441005175746,0.0011197371299028025,0.004046165992055455,0.012837471161757394,0.03620663886581582,0.09084655016142681,0.2012408231871276,0.3889448906798307,0.6457784788696846,0.9046078841718765,1.0472409819105315,0.9777124948248934,0.7154612750435358,0.3975832904586105,0.16205224474686244,0.04659868668855708,0.009049003747875976,0.0011259297324248613,8.480245200439122e-05,3.0
Turkey,0.0,0.0,0.0,0.0,0.0,0.0,0.0,0.0,0.0,5.77228674221787e-06,3.597736235243629e-05,0.00016274800871452844,0.0006085697642983246,0.0019968109614187024,0.005858781403405418,0.015404189953592655,0.03614887393511835,0.0750201847849933,0.13591457590480382,0.21160497487911897,0.27826144767656763,0.3033811796814152,0.26839213979234794,0.1877744412335131,0.10085855449116682,0.040222359229882605,0.011469350449874214,0.002239193193547281,0.00028477783332709553,2.217513681675825e-05,3.0
Turkmenistan,0.0,0.0,0.0,0.0,0.0,0.0,0.0,0.0,0.0,0.0,0.0,0.0,0.0,7.528348215226895e-05,0.0004334510320703416,0.001633498887338139,0.004867341844010826,0.012291394793477775,0.026301727423830613,0.04761076894975705,0.07202358212309116,0.08958983964375736,0.08982158166427837,0.0709637869800458,0.04300542466238859,0.01938957957746072,0.006260081233599914,0.0013988768875482875,0.00020187772475538734,1.8043664927187963e-05,0.0
Uganda,0.0,0.0,0.0,0.0,0.0,0.0,0.0,0.0,0.0,0.0,0.0,0.0,0.0,0.0,1.2266965155671626e-05,5.453890538127799e-05,0.0002058935056785919,0.0006472622416959726,0.0017214759859932205,0.003884198360001001,0.007370438973658086,0.011559115478272632,0.014672953235425966,0.014715076553388932,0.011341178948780065,0.00651567974311942,0.0026952772861093197,0.0007701504860041678,0.00014498987998671508,1.6995971509777735e-05,0.0
Ukraine,0.0,0.0,0.0,0.0,0.0,0.0,0.0,0.0,1.057192573380918e-05,6.895396027574547e-05,0.00032832902248144924,0.0013151496894493484,0.004669347446614554,0.015008171716236978,0.043814105297356055,0.11578396870271632,0.2748620260615253,0.579485914339509,1.0689090242501658,1.6934583760075543,2.2543142693107696,2.4577500082881065,2.1298668304750303,1.4185165953804408,0.7003509259724902,0.24674214727450824,0.05952555688114381,0.009389269277071175,0.0009176905670211093,5.244267387464556e-05,3.0
United Arab Emirates,0.0,0.0,0.0,0.0,0.0,0.0,0.0,4.600681284356981e-05,0.00029668489098790517,0.0012531656359296539,0.004396621726606174,0.013620116553167838,0.038171051810805046,0.09765874838024795,0.22800616333795046,0.48293543766198005,0.9184283398665242,1.5439965390652786,2.243926150774732,2.7408343550844236,2.739491250204128,2.2094822494292323,1.4325186056204613,0.7405584821846148,0.2979036744597707,0.08939405265243151,0.01916269935648186,0.0028319738017374553,0.0002844486403280081,2.041784821296015e-05,3.0
United Kingdom,0.0,0.0,0.0,0.0,0.0,0.0,0.0,5.9016608808113925e-06,3.336831010789783e-05,0.00013829589265040024,0.00048560075644762024,0.0015239149322693925,0.0043597511626820235,0.011414656239222816,0.02731200343607706,0.05935013636739335,0.11599181297078522,0.20114956201259654,0.3040610165459688,0.3921692519405184,0.42299246586042616,0.3764209976684374,0.2731055214094853,0.15837348441496912,0.0711464413938015,0.023781590501744772,0.0056698630471838166,0.0009230808812138353,9.842345853081166e-05,5.672714360053653e-06,3.0
United States,0.0,0.0,0.0,0.0,0.0,0.0,0.0,1.2093487481566588e-06,6.890470044826783e-06,2.9919027354095137e-05,0.00010805906471196242,0.0003446236122142303,0.0009986228031639759,0.0026393214571837787,0.006357185947642421,0.013879901020455979,0.027213450177058503,0.04728182774574469,0.07153028501857531,0.09224943355759806,0.09939432771300952,0.0882270490983544,0.0637068842482073,0.03669702785788585,0.016409748752805015,0.005509965348500022,0.0013362892872130514,0.00022397277671088882,2.4612068389768354e-05,1.5311069775202405e-06,0.0
Uruguay,0.0,0.0,0.0,0.0,0.0,0.0,0.0,0.0,0.0,0.0,0.0,0.0,0.0,0.0,0.0,0.0,9.01069680745558e-05,0.00025343390023393965,0.0005760449436776042,0.0010446703891023165,0.0015442857414104429,0.0018785910566114542,0.0017857764672111677,0.001332701280043519,0.0007718433008143214,0.00033615708594414835,9.339404160269134e-05,1.7892179392929034e-05,2.248061417730493e-06,1.7496437554887234e-07,0.0
Uzbekistan,0.0,0.0,0.0,0.0,0.0,0.0,0.0,0.0,0.0,0.0,1.5182471017980351e-05,9.741125873118377e-05,0.00042353515700492084,0.001543095060893536,0.004975773237466767,0.014311400850468847,0.036656576970215134,0.08301173373654974,0.16425645393920263,0.27974889459973706,0.4030263580934202,0.48156645359523675,0.4663680446213153,0.3564311171067103,0.20866065719051546,0.09050557295488296,0.028011514768050826,0.005923422609196035,0.0008135357224720181,6.855909696098059e-05,3.0
Vanuatu,0.0,0.0,0.0,0.0,0.0,0.0,0.0,0.0,0.0,0.0,0.0,0.0,0.0,0.0,0.0,0.0,0.0,0.0,0.0,0.0,0.0,0.0,0.0,0.0,0.0,0.0,0.0,0.0,0.0,0.0,0.0
Venezuela,0.0,0.0,0.0,0.0,0.0,0.0,0.0,0.0,0.0,1.4458883511736368e-05,7.602188795600391e-05,0.00032192301789460306,0.0011738321125805632,0.0037816128440920985,0.010917228885548616,0.02831946364889334,0.06563471617561968,0.13460809221870484,0.24101467935914148,0.37066040814670154,0.4809900297801032,0.5167396315485581,0.4495523210893695,0.3084967524409956,0.16205874094187495,0.06302064131075591,0.017462562677748605,0.0032987027689801193,0.0004040270051436187,3.0291028531617504e-05,3.0
Vietnam,0.0,0.0,0.0,0.0,0.0,0.0,0.0,0.0,5.470008219933359e-06,4.270583122054037e-05,0.0002224938227451317,0.000957800247848297,0.003648775048109237,0.01256613664574161,0.03931340959720313,0.11146809899353101,0.28432943519075676,0.6451402937918754,1.2828752678677764,2.1940897511627035,3.1532769787535466,3.7009819064137894,3.4284706331073496,2.412217110628376,1.2375655989586514,0.4439085040184814,0.1065313867127151,0.016303827039631222,0.0015074883996651612,7.92430014713833e-05,3.0
Yemen,0.0,0.0,0.0,0.0,0.0,0.0,0.0,0.0,0.0,0.0,0.0,0.0,0.0,2.0082792737998067e-05,0.00011847983867999291,0.0005084296836824871,0.0018378131379178906,0.0057533932820168256,0.015618330531937223,0.036396680886276435,0.0716810496065034,0.11703214268950168,0.15489715381517954,0.1620257314241813,0.13022842091262993,0.07794918917669652,0.03354112525789892,0.009956131892378824,0.0019427213167125949,0.00023549115144299294,1.0
Zambia,0.0,0.0,0.0,0.0,0.0,0.0,0.0,0.0,0.0,0.0,0.0,0.0,0.0,0.0,0.0,0.0,0.0,0.0,0.0,0.0,0.0,0.0,0.0,0.0,0.0,0.0,0.0,0.0,0.0,0.0,0.0
Zimbabwe,0.0,0.0,0.0,0.0,0.0,0.0,0.0,0.0,0.0,0.0,0.0,0.0,0.0,0.0,0.0,0.0,2.6172975669445087e-05,0.00012079414163193677,0.00038357722471882473,0.0009728013041303019,0.002004167590052063,0.0033415378181575308,0.004443152368042374,0.004596035397532801,0.003582190968264159,0.0020463258745940373,0.0008318029023349784,0.00023147089935133286,4.243320652889606e-05,4.842611869161721e-06,0.0
